{
    "providers": [
        {
            "type": "bitmap",
            "file": "minecraft:demon/owner.png",
            "ascent": 8,
            "height": 8,
            "chars": ["\uE100"]
        },
        {
            "type": "bitmap",
            "file": "minecraft:demon/splash.png",
            "ascent": 16,
            "height": 16,
            "chars": ["\uE099"]
        },
        {
            "type": "bitmap",
            "file": "minecraft:demon/coowner.png",
            "ascent": 8,
            "height": 8 ,
            "chars": ["\uE101"]
        },
        {
            "type": "bitmap",
            "file": "minecraft:demon/developer.png",
            "ascent": 8,
            "height": 8,
            "chars": ["\uE102"]
        },
        {
            "type": "bitmap",
            "file": "minecraft:demon/admin.png",
            "ascent": 8,
            "height": 8,
            "chars": ["\uE103"]
        },
        {
            "type": "bitmap",
            "file": "minecraft:demon/jradmin.png",
            "ascent": 8,
            "height": 8,
            "chars": ["\uE104"]
        },
        {
            "type": "bitmap",
            "file": "minecraft:demon/srmod.png",
            "ascent": 8,
            "height": 8,
            "chars": ["\uE105"]
        },
        {
            "type": "bitmap",
            "file": "minecraft:demon/mod.png",
            "ascent": 8,
            "height": 8,
            "chars": ["\uE106"]
        },
        {
            "type": "bitmap",
            "file": "minecraft:demon/jrmod.png",
            "ascent": 8,
            "height": 8,
            "chars": ["\uE107"]
        },
        {
            "type": "bitmap",
            "file": "minecraft:demon/helper.png",
            "ascent": 8,
            "height": 8,
            "chars": ["\uE108"]
        },
        {
            "type": "bitmap",
            "file": "minecraft:demon/trainee.png",
            "ascent": 8,
            "height": 8,
            "chars": ["\uE109"]
        },
        {
            "type": "bitmap",
            "file": "minecraft:demon/demon.png",
            "ascent": 8,
            "height": 8,
            "chars": ["\uE110"]
        },
        {
            "type": "bitmap",
            "file": "minecraft:demon/dragon.png",
            "ascent": 8,
            "height": 8,
            "chars": ["\uE111"]
        },
        {
            "type": "bitmap",
            "file": "minecraft:demon/wolf.png",
            "ascent": 8,
            "height": 8,
            "chars": ["\uE112"]
        },
        {
            "type": "bitmap",
            "file": "minecraft:demon/amethyst.png",
            "ascent": 8,
            "height": 8,
            "chars": ["\uE113"]
        },
        {
            "type": "bitmap",
            "file": "minecraft:demon/netherite.png",
            "ascent": 8,
            "height": 8,
            "chars": ["\uE114"]
        },
        {
            "type": "bitmap",
            "file": "minecraft:demon/diamond.png",
            "ascent": 8,
            "height": 8,
            "chars": ["\uE115"]
        },
        {
            "type": "bitmap",
            "file": "minecraft:demon/gold.png",
            "ascent": 8,
            "height": 8,
            "chars": ["\uE116"]
        },
        {
            "type": "bitmap",
            "file": "minecraft:demon/iron.png",
            "ascent": 8,
            "height": 8,
            "chars": ["\uE117"]
        },
        {
            "type": "bitmap",
            "file": "minecraft:demon/coal.png",
            "ascent": 8,
            "height": 8,
            "chars": ["\uE118"]
        },
        {
            "type": "bitmap",
            "file": "minecraft:demon/stone.png",
            "ascent": 8,
            "height": 8,
            "chars": ["\uE119"]
        },
        {
            "type": "bitmap",
            "file": "minecraft:demon/player.png",
            "ascent": 8,
            "height": 8,
            "chars": ["\uE120"]
        },
        {
            "type": "bitmap",
            "file": "minecraft:demon/combat.png",
            "ascent": 8,
            "height": 8,
            "chars": ["\uE121"]
        },
        {
            "type": "bitmap",
            "file": "minecraft:demon/playtester.png",
            "ascent": 8,
            "height": 8,
            "chars": ["\uE122"]
        },
        {
            "type": "bitmap",
            "file": "minecraft:demon/veteran.png",
            "ascent": 8,
            "height": 8,
            "chars": ["\uE123"]
        },
        {
            "type": "bitmap",
            "file": "minecraft:demon/builder.png",
            "ascent": 8,
            "height": 8,
            "chars": ["\uE124"]
        },
        {
            "type": "bitmap",
            "file": "minecraft:demon/server.png",
            "ascent": 8,
            "height": 8,
            "chars": ["\uE125"]
        },
        {
            "type": "bitmap",
            "file": "minecraft:demon/media.png",
            "ascent": 8,
            "height": 8,
            "chars": ["\uE126"]
        },
        {
            "type": "bitmap",
            "file": "minecraft:demon/crimson.png",
            "ascent": 8,
            "height": 8,
            "chars": ["\uE127"]
        },
        {
            "type": "bitmap",
            "file": "minecraft:demon/snowy.png",
            "ascent": 8,
            "height": 8,
            "chars": ["\uE128"]
        },
        {
            "type": "bitmap",
            "file": "minecraft:demon/tier1.png",
            "ascent": 8,
            "height": 8,
            "chars": ["\uE131"]
        },
        {
            "type": "bitmap",
            "file": "minecraft:demon/tier2.png",
            "ascent": 8,
            "height": 8,
            "chars": ["\uE132"]
        },
        {
            "type": "bitmap",
            "file": "minecraft:demon/tier3.png",
            "ascent": 8,
            "height": 8,
            "chars": ["\uE133"]
        },
        {
            "type": "bitmap",
            "file": "minecraft:demon/tier4.png",
            "ascent": 8,
            "height": 8,
            "chars": ["\uE134"]
        },
        {
            "type": "bitmap",
            "file": "minecraft:demon/tier5.png",
            "ascent": 8,
            "height": 8,
            "chars": ["\uE135"]
        },
        {
            "type": "ttf",
            "file": "minecraft:negative_spaces.ttf",
            "shift": [0.0, 0.0],
            "size": 10.0,
            "oversample": 1.0
        }
    ]
}

